{"resourceType":"CodeSystem","id":"del-AssessmentContextCS","text":{"status":"generated","div":"<div xmlns=\"http://www.w3.org/1999/xhtml\">\n<p><b>AssessmentContextCS CodeSystem</b></p>\n<p/>\n</div>"},"url":"http://cms.gov/impact/del/cs/AssessmentContextCS","identifier":[{"system":"http://cms.gov/impact","value":"del.AssessmentContextCS"}],"name":"AssessmentContextCS","title":"AssessmentContextCS","status":"draft","date":"2019-06-27T00:00:00-04:00","publisher":"The MITRE Corporation","contact":[{"telecom":[{"system":"url","value":"http://mitre.org"}]}],"caseSensitive":true,"content":"complete","count":5,"concept":[{"code":"InitialAssessment","display":"Direct patient engagement","definition":"Direct patient engagement"},{"code":"PostCare","display":"Coming from care discharge","definition":"Coming from care discharge"},{"code":"Nursing","display":"Long-term nursing care","definition":"Long-term nursing care"},{"code":"HomeCare","display":"In-home care provision","definition":"In-home care provision"},{"code":"CareProvider","display":"Other service-specific care provider","definition":"Other service-specific care provider"}]}