<?xml version="1.0" encoding="UTF-8"?><ImplementationGuide xmlns="http://hl7.org/fhir"><id value="impact-fhir-0.0.1"/><text><status value="generated"/><div xmlns="http://www.w3.org/1999/xhtml"><h2>CMS_Data_Element_Library_FHIR_Implementation_Guide</h2><p>The official URL for this implementation guide is: </p><pre>https://impact-fhir.mitre.org/r4/ImplementationGuide/impact-fhir-0.0.1</pre></div></text><url value="https://impact-fhir.mitre.org/r4/ImplementationGuide/impact-fhir-0.0.1"/><version value="0.0.1"/><name value="CMS_Data_Element_Library_FHIR_Implementation_Guide"/><title value="CMS Data Element Library - FHIR Implementation Guide"/><status value="draft"/><date value="2019-10-25T15:38:45-04:00"/><publisher value="The MITRE Corporation"/><contact><telecom><system value="url"/><value value="http://mitre.org"/></telecom></contact><packageId value="impact-fhir"/><license value="CC0-1.0"/><fhirVersion value="4.0.0"/><definition><grouping><name value="Profiles in this Implementation Guide"/><description value="Profiles in this Implementation Guide"/></grouping><resource><extension url="http://hl7.org/fhir/StructureDefinition/implementationguide-page"><valueUri value="StructureDefinition-del-StandardForm.html"/></extension><reference><reference value="StructureDefinition/del-StandardForm"/></reference><name value="del-StandardForm"/><exampleBoolean value="false"/></resource><resource><extension url="http://hl7.org/fhir/StructureDefinition/implementationguide-page"><valueUri value="SearchParameter-QuestionnaireItemText.html"/></extension><reference><reference value="SearchParameter/QuestionnaireItemText"/></reference><name value="QuestionnaireItemText"/><exampleBoolean value="true"/></resource><page><nameUrl value="index.html"/><title value="CMS Data Element Library - FHIR Implementation Guide"/><generation value="html"/></page></definition></ImplementationGuide>