<?xml version="1.0" encoding="UTF-8"?>

<ValueSet xmlns="http://hl7.org/fhir">
  <id value="del-AssessmentContextVS"/>
  <text>
    <status value="generated"/><div xmlns="http://www.w3.org/1999/xhtml">
<p><b>AssessmentContextVS ValueSet</b></p>
<p/>
</div>
  </text>
  <url value="http://cms.gov/impact/del/vs/AssessmentContextVS"/>
  <version value="0.0.1"/>
  <name value="AssessmentContextVS"/>
  <title value="AssessmentContextVS"/>
  <status value="draft"/>
  <date value="2019-07-16T00:00:00-04:00"/>
  <publisher value="The MITRE Corporation"/>
  <contact>
    <telecom>
      <system value="url"/>
      <value value="http://mitre.org"/>
    </telecom>
  </contact>
  <compose>
    <include>
      <system value="http://cms.gov/impact/del/cs/AssessmentContextCS"/>
      <concept>
        <code value="InitialAssessment"/>
        <display value="Direct patient engagement"/>
      </concept>
      <concept>
        <code value="PostCare"/>
        <display value="Coming from care discharge"/>
      </concept>
      <concept>
        <code value="Nursing"/>
        <display value="Long-term nursing care"/>
      </concept>
      <concept>
        <code value="HomeCare"/>
        <display value="In-home care provision"/>
      </concept>
      <concept>
        <code value="CareProvider"/>
        <display value="Other service-specific care provider"/>
      </concept>
    </include>
  </compose>
</ValueSet>